Line 12 Network,169.225.112.6
Line 13 Network,169.225.113.6
Line 14 Network,169.225.114.6
Office Network,26.206.4.6
Line 12 Network,169.225.112.7
Line 13 Network,169.225.113.7
Line 14 Network,169.225.114.7
Office Network,26.206.4.7
Line 12 Network,169.225.112.8
Line 13 Network,169.225.113.8
Line 14 Network,169.225.114.8
Office Network,26.206.4.8
Line 12 Network,169.225.112.9
Line 13 Network,169.225.113.9
Line 14 Network,169.225.114.9
Office Network,26.206.4.9
Line 12 Network,169.225.112.10
Line 13 Network,169.225.113.10
Line 14 Network,169.225.114.10
Office Network,26.206.4.10
Line 12 Network,169.225.112.11
Line 13 Network,169.225.113.11
Line 14 Network,169.225.114.11
Office Network,26.206.4.11
Line 12 Network,169.225.112.12
Line 13 Network,169.225.113.12
Line 14 Network,169.225.114.12
Office Network,26.206.4.12
Line 12 Network,169.225.112.13
Line 13 Network,169.225.113.13
Line 14 Network,169.225.114.13
Office Network,26.206.4.13
Line 12 Network,169.225.112.14
Line 13 Network,169.225.113.14
Line 14 Network,169.225.114.14
Office Network,26.206.4.14
Line 12 Network,169.225.112.15
Line 13 Network,169.225.113.15
Line 14 Network,169.225.114.15
Office Network,26.206.4.15
Line 12 Network,169.225.112.16
Line 13 Network,169.225.113.16
Line 14 Network,169.225.114.16
Office Network,26.206.4.16
Line 12 Network,169.225.112.17
Line 13 Network,169.225.113.17
Line 14 Network,169.225.114.17
Office Network,26.206.4.17
Line 12 Network,169.225.112.18
Line 13 Network,169.225.113.18
Line 14 Network,169.225.114.18
Office Network,26.206.4.18
Line 12 Network,169.225.112.19
Line 13 Network,169.225.113.19
Line 14 Network,169.225.114.19
Office Network,26.206.4.19
Line 12 Network,169.225.112.20
Line 13 Network,169.225.113.20
Line 14 Network,169.225.114.20
Office Network,26.206.4.20
Line 12 Network,169.225.112.21
Line 13 Network,169.225.113.21
Line 14 Network,169.225.114.21
Office Network,26.206.4.21
Line 12 Network,169.225.112.22
Line 13 Network,169.225.113.22
Line 14 Network,169.225.114.22
Office Network,26.206.4.22
Line 12 Network,169.225.112.23
Line 13 Network,169.225.113.23
Line 14 Network,169.225.114.23
Office Network,26.206.4.23
Line 12 Network,169.225.112.24
Line 13 Network,169.225.113.24
Line 14 Network,169.225.114.24
Office Network,26.206.4.24
Line 12 Network,169.225.112.25
Line 13 Network,169.225.113.25
Line 14 Network,169.225.114.25
Office Network,26.206.4.25
Line 12 Network,169.225.112.26
Line 13 Network,169.225.113.26
Line 14 Network,169.225.114.26
Office Network,26.206.4.26
Line 12 Network,169.225.112.27
Line 13 Network,169.225.113.27
Line 14 Network,169.225.114.27
Office Network,26.206.4.27
Line 12 Network,169.225.112.28
Line 13 Network,169.225.113.28
Line 14 Network,169.225.114.28
Office Network,26.206.4.28
Line 12 Network,169.225.112.29
Line 13 Network,169.225.113.29
Line 14 Network,169.225.114.29
Office Network,26.206.4.29
Line 12 Network,169.225.112.30
Line 13 Network,169.225.113.30
Line 14 Network,169.225.114.30
Office Network,26.206.4.30
Line 12 Network,169.225.112.31
Line 13 Network,169.225.113.31
Line 14 Network,169.225.114.31
Office Network,26.206.4.31
Line 12 Network,169.225.112.32
Line 13 Network,169.225.113.32
Line 14 Network,169.225.114.32
Office Network,26.206.4.32
Line 12 Network,169.225.112.33
Line 13 Network,169.225.113.33
Line 14 Network,169.225.114.33
Office Network,26.206.4.33
Line 12 Network,169.225.112.34
Line 13 Network,169.225.113.34
Line 14 Network,169.225.114.34
Office Network,26.206.4.34
Line 12 Network,169.225.112.35
Line 13 Network,169.225.113.35
Line 14 Network,169.225.114.35
Office Network,26.206.4.35
Line 12 Network,169.225.112.36
Line 13 Network,169.225.113.36
Line 14 Network,169.225.114.36
Office Network,26.206.4.36
Line 12 Network,169.225.112.37
Line 13 Network,169.225.113.37
Line 14 Network,169.225.114.37
Office Network,26.206.4.37
Line 12 Network,169.225.112.38
Line 13 Network,169.225.113.38
Line 14 Network,169.225.114.38
Office Network,26.206.4.38
Line 12 Network,169.225.112.39
Line 13 Network,169.225.113.39
Line 14 Network,169.225.114.39
Office Network,26.206.4.39
Line 12 Network,169.225.112.40
Line 13 Network,169.225.113.40
Line 14 Network,169.225.114.40
Office Network,26.206.4.40
Line 12 Network,169.225.112.41
Line 13 Network,169.225.113.41
Line 14 Network,169.225.114.41
Office Network,26.206.4.41
Line 12 Network,169.225.112.42
Line 13 Network,169.225.113.42
Line 14 Network,169.225.114.42
Office Network,26.206.4.42
Line 12 Network,169.225.112.43
Line 13 Network,169.225.113.43
Line 14 Network,169.225.114.43
Office Network,26.206.4.43
Line 12 Network,169.225.112.44
Line 13 Network,169.225.113.44
Line 14 Network,169.225.114.44
Office Network,26.206.4.44
Line 12 Network,169.225.112.45
Line 13 Network,169.225.113.45
Line 14 Network,169.225.114.45
Office Network,26.206.4.45
Line 12 Network,169.225.112.46
Line 13 Network,169.225.113.46
Line 14 Network,169.225.114.46
Office Network,26.206.4.46
Line 12 Network,169.225.112.47
Line 13 Network,169.225.113.47
Line 14 Network,169.225.114.47
Office Network,26.206.4.47
Line 12 Network,169.225.112.48
Line 13 Network,169.225.113.48
Line 14 Network,169.225.114.48
Office Network,26.206.4.48
Line 12 Network,169.225.112.49
Line 13 Network,169.225.113.49
Line 14 Network,169.225.114.49
Office Network,26.206.4.49
Line 12 Network,169.225.112.50
Line 13 Network,169.225.113.50
Line 14 Network,169.225.114.50
Office Network,26.206.4.50
Line 12 Network,169.225.112.51
Line 13 Network,169.225.113.51
Line 14 Network,169.225.114.51
Office Network,26.206.4.51
Line 12 Network,169.225.112.52
Line 13 Network,169.225.113.52
Line 14 Network,169.225.114.52
Office Network,26.206.4.52
Line 12 Network,169.225.112.53
Line 13 Network,169.225.113.53
Line 14 Network,169.225.114.53
Office Network,26.206.4.53
Line 12 Network,169.225.112.54
Line 13 Network,169.225.113.54
Line 14 Network,169.225.114.54
Office Network,26.206.4.54
Line 12 Network,169.225.112.55
Line 13 Network,169.225.113.55
Line 14 Network,169.225.114.55
Office Network,26.206.4.55
Line 12 Network,169.225.112.56
Line 13 Network,169.225.113.56
Line 14 Network,169.225.114.56
Office Network,26.206.4.56
Line 12 Network,169.225.112.57
Line 13 Network,169.225.113.57
Line 14 Network,169.225.114.57
Office Network,26.206.4.57
Line 12 Network,169.225.112.58
Line 13 Network,169.225.113.58
Line 14 Network,169.225.114.58
Office Network,26.206.4.58
Line 12 Network,169.225.112.59
Line 13 Network,169.225.113.59
Line 14 Network,169.225.114.59
Office Network,26.206.4.59
Line 12 Network,169.225.112.60
Line 13 Network,169.225.113.60
Line 14 Network,169.225.114.60
Office Network,26.206.4.60
Line 12 Network,169.225.112.61
Line 13 Network,169.225.113.61
Line 14 Network,169.225.114.61
Office Network,26.206.4.61
Line 12 Network,169.225.112.62
Line 13 Network,169.225.113.62
Line 14 Network,169.225.114.62
Office Network,26.206.4.62
Line 12 Network,169.225.112.63
Line 13 Network,169.225.113.63
Line 14 Network,169.225.114.63
Office Network,26.206.4.63
Line 12 Network,169.225.112.64
Line 13 Network,169.225.113.64
Line 14 Network,169.225.114.64
Office Network,26.206.4.64
Line 12 Network,169.225.112.65
Line 13 Network,169.225.113.65
Line 14 Network,169.225.114.65
Office Network,26.206.4.65
Line 12 Network,169.225.112.66
Line 13 Network,169.225.113.66
Line 14 Network,169.225.114.66
Office Network,26.206.4.66
Line 12 Network,169.225.112.67
Line 13 Network,169.225.113.67
Line 14 Network,169.225.114.67
Office Network,26.206.4.67
Line 12 Network,169.225.112.68
Line 13 Network,169.225.113.68
Line 14 Network,169.225.114.68
Office Network,26.206.4.68
Line 12 Network,169.225.112.69
Line 13 Network,169.225.113.69
Line 14 Network,169.225.114.69
Office Network,26.206.4.69
Line 12 Network,169.225.112.70
Line 13 Network,169.225.113.70
Line 14 Network,169.225.114.70
Office Network,26.206.4.70
Line 12 Network,169.225.112.71
Line 13 Network,169.225.113.71
Line 14 Network,169.225.114.71
Office Network,26.206.4.71
Line 12 Network,169.225.112.72
Line 13 Network,169.225.113.72
Line 14 Network,169.225.114.72
Office Network,26.206.4.72
Line 12 Network,169.225.112.73
Line 13 Network,169.225.113.73
Line 14 Network,169.225.114.73
Office Network,26.206.4.73
Line 12 Network,169.225.112.74
Line 13 Network,169.225.113.74
Line 14 Network,169.225.114.74
Office Network,26.206.4.74
Line 12 Network,169.225.112.75
Line 13 Network,169.225.113.75
Line 14 Network,169.225.114.75
Office Network,26.206.4.75
Line 12 Network,169.225.112.76
Line 13 Network,169.225.113.76
Line 14 Network,169.225.114.76
Office Network,26.206.4.76
Line 12 Network,169.225.112.77
Line 13 Network,169.225.113.77
Line 14 Network,169.225.114.77
Office Network,26.206.4.77
Line 12 Network,169.225.112.78
Line 13 Network,169.225.113.78
Line 14 Network,169.225.114.78
Office Network,26.206.4.78
Line 12 Network,169.225.112.79
Line 13 Network,169.225.113.79
Line 14 Network,169.225.114.79
Office Network,26.206.4.79
Line 12 Network,169.225.112.80
Line 13 Network,169.225.113.80
Line 14 Network,169.225.114.80
Office Network,26.206.4.80
Line 12 Network,169.225.112.81
Line 13 Network,169.225.113.81
Line 14 Network,169.225.114.81
Office Network,26.206.4.81
Line 12 Network,169.225.112.82
Line 13 Network,169.225.113.82
Line 14 Network,169.225.114.82
Office Network,26.206.4.82
Line 12 Network,169.225.112.83
Line 13 Network,169.225.113.83
Line 14 Network,169.225.114.83
Office Network,26.206.4.83
Line 12 Network,169.225.112.84
Line 13 Network,169.225.113.84
Line 14 Network,169.225.114.84
Office Network,26.206.4.84
Line 12 Network,169.225.112.85
Line 13 Network,169.225.113.85
Line 14 Network,169.225.114.85
Office Network,26.206.4.85
Line 12 Network,169.225.112.86
Line 13 Network,169.225.113.86
Line 14 Network,169.225.114.86
Office Network,26.206.4.86
Line 12 Network,169.225.112.87
Line 13 Network,169.225.113.87
Line 14 Network,169.225.114.87
Office Network,26.206.4.87
Line 12 Network,169.225.112.88
Line 13 Network,169.225.113.88
Line 14 Network,169.225.114.88
Office Network,26.206.4.88
Line 12 Network,169.225.112.89
Line 13 Network,169.225.113.89
Line 14 Network,169.225.114.89
Office Network,26.206.4.89
Line 12 Network,169.225.112.90
Line 13 Network,169.225.113.90
Line 14 Network,169.225.114.90
Office Network,26.206.4.90
Line 12 Network,169.225.112.91
Line 13 Network,169.225.113.91
Line 14 Network,169.225.114.91
Office Network,26.206.4.91
Line 12 Network,169.225.112.92
Line 13 Network,169.225.113.92
Line 14 Network,169.225.114.92
Office Network,26.206.4.92
Line 12 Network,169.225.112.93
Line 13 Network,169.225.113.93
Line 14 Network,169.225.114.93
Office Network,26.206.4.93
Line 12 Network,169.225.112.94
Line 13 Network,169.225.113.94
Line 14 Network,169.225.114.94
Office Network,26.206.4.94
Line 12 Network,169.225.112.95
Line 13 Network,169.225.113.95
Line 14 Network,169.225.114.95
Office Network,26.206.4.95
Line 12 Network,169.225.112.96
Line 13 Network,169.225.113.96
Line 14 Network,169.225.114.96
Office Network,26.206.4.96
Line 12 Network,169.225.112.97
Line 13 Network,169.225.113.97
Line 14 Network,169.225.114.97
Office Network,26.206.4.97
Line 12 Network,169.225.112.98
Line 13 Network,169.225.113.98
Line 14 Network,169.225.114.98
Office Network,26.206.4.98
Line 12 Network,169.225.112.99
Line 13 Network,169.225.113.99
Line 14 Network,169.225.114.99
Office Network,26.206.4.99
Line 12 Network,169.225.112.100
Line 13 Network,169.225.113.100
Line 14 Network,169.225.114.100
Office Network,26.206.4.100
Line 12 Network,169.225.112.101
Line 13 Network,169.225.113.101
Line 14 Network,169.225.114.101
Office Network,26.206.4.101
Line 12 Network,169.225.112.102
Line 13 Network,169.225.113.102
Line 14 Network,169.225.114.102
Office Network,26.206.4.102
Line 12 Network,169.225.112.103
Line 13 Network,169.225.113.103
Line 14 Network,169.225.114.103
Office Network,26.206.4.103
Line 12 Network,169.225.112.104
Line 13 Network,169.225.113.104
Line 14 Network,169.225.114.104
Office Network,26.206.4.104
Line 12 Network,169.225.112.105
Line 13 Network,169.225.113.105
Line 14 Network,169.225.114.105
Office Network,26.206.4.105
Line 12 Network,169.225.112.106
Line 13 Network,169.225.113.106
Line 14 Network,169.225.114.106
Office Network,26.206.4.106
Line 12 Network,169.225.112.107
Line 13 Network,169.225.113.107
Line 14 Network,169.225.114.107
Office Network,26.206.4.107
Line 12 Network,169.225.112.108
Line 13 Network,169.225.113.108
Line 14 Network,169.225.114.108
Office Network,26.206.4.108
Line 12 Network,169.225.112.109
Line 13 Network,169.225.113.109
Line 14 Network,169.225.114.109
Office Network,26.206.4.109
Line 12 Network,169.225.112.110
Line 13 Network,169.225.113.110
Line 14 Network,169.225.114.110
Office Network,26.206.4.110
Line 12 Network,169.225.112.111
Line 13 Network,169.225.113.111
Line 14 Network,169.225.114.111
Office Network,26.206.4.111
Line 12 Network,169.225.112.112
Line 13 Network,169.225.113.112
Line 14 Network,169.225.114.112
Office Network,26.206.4.112
Line 12 Network,169.225.112.113
Line 13 Network,169.225.113.113
Line 14 Network,169.225.114.113
Office Network,26.206.4.113
Line 12 Network,169.225.112.114
Line 13 Network,169.225.113.114
Line 14 Network,169.225.114.114
Office Network,26.206.4.114
Line 12 Network,169.225.112.115
Line 13 Network,169.225.113.115
Line 14 Network,169.225.114.115
Office Network,26.206.4.115
Line 12 Network,169.225.112.116
Line 13 Network,169.225.113.116
Line 14 Network,169.225.114.116
Office Network,26.206.4.116
Line 12 Network,169.225.112.117
Line 13 Network,169.225.113.117
Line 14 Network,169.225.114.117
Office Network,26.206.4.117
Line 12 Network,169.225.112.118
Line 13 Network,169.225.113.118
Line 14 Network,169.225.114.118
Office Network,26.206.4.118
Line 12 Network,169.225.112.119
Line 13 Network,169.225.113.119
Line 14 Network,169.225.114.119
Office Network,26.206.4.119
Line 12 Network,169.225.112.120
Line 13 Network,169.225.113.120
Line 14 Network,169.225.114.120
Office Network,26.206.4.120
Line 12 Network,169.225.112.121
Line 13 Network,169.225.113.121
Line 14 Network,169.225.114.121
Office Network,26.206.4.121
Line 12 Network,169.225.112.122
Line 13 Network,169.225.113.122
Line 14 Network,169.225.114.122
Office Network,26.206.4.122
Line 12 Network,169.225.112.123
Line 13 Network,169.225.113.123
Line 14 Network,169.225.114.123
Office Network,26.206.4.123
Line 12 Network,169.225.112.124
Line 13 Network,169.225.113.124
Line 14 Network,169.225.114.124
Office Network,26.206.4.124
Line 12 Network,169.225.112.125
Line 13 Network,169.225.113.125
Line 14 Network,169.225.114.125
Office Network,26.206.4.125
Line 12 Network,169.225.112.126
Line 13 Network,169.225.113.126
Line 14 Network,169.225.114.126
Office Network,26.206.4.126
Line 12 Network,169.225.112.127
Line 13 Network,169.225.113.127
Line 14 Network,169.225.114.127
Office Network,26.206.4.127
Line 12 Network,169.225.112.128
Line 13 Network,169.225.113.128
Line 14 Network,169.225.114.128
Office Network,26.206.4.128
Line 12 Network,169.225.112.129
Line 13 Network,169.225.113.129
Line 14 Network,169.225.114.129
Office Network,26.206.4.129
Line 12 Network,169.225.112.130
Line 13 Network,169.225.113.130
Line 14 Network,169.225.114.130
Office Network,26.206.4.130
Line 12 Network,169.225.112.131
Line 13 Network,169.225.113.131
Line 14 Network,169.225.114.131
Office Network,26.206.4.131
Line 12 Network,169.225.112.132
Line 13 Network,169.225.113.132
Line 14 Network,169.225.114.132
Office Network,26.206.4.132
Line 12 Network,169.225.112.133
Line 13 Network,169.225.113.133
Line 14 Network,169.225.114.133
Office Network,26.206.4.133
Line 12 Network,169.225.112.134
Line 13 Network,169.225.113.134
Line 14 Network,169.225.114.134
Office Network,26.206.4.134
Line 12 Network,169.225.112.135
Line 13 Network,169.225.113.135
Line 14 Network,169.225.114.135
Office Network,26.206.4.135
Line 12 Network,169.225.112.136
Line 13 Network,169.225.113.136
Line 14 Network,169.225.114.136
Office Network,26.206.4.136
Line 12 Network,169.225.112.137
Line 13 Network,169.225.113.137
Line 14 Network,169.225.114.137
Office Network,26.206.4.137
Line 12 Network,169.225.112.138
Line 13 Network,169.225.113.138
Line 14 Network,169.225.114.138
Office Network,26.206.4.138
Line 12 Network,169.225.112.139
Line 13 Network,169.225.113.139
Line 14 Network,169.225.114.139
Office Network,26.206.4.139
Line 12 Network,169.225.112.140
Line 13 Network,169.225.113.140
Line 14 Network,169.225.114.140
Office Network,26.206.4.140
Line 12 Network,169.225.112.141
Line 13 Network,169.225.113.141
Line 14 Network,169.225.114.141
Office Network,26.206.4.141
Line 12 Network,169.225.112.142
Line 13 Network,169.225.113.142
Line 14 Network,169.225.114.142
Office Network,26.206.4.142
Line 12 Network,169.225.112.143
Line 13 Network,169.225.113.143
Line 14 Network,169.225.114.143
Office Network,26.206.4.143
Line 12 Network,169.225.112.144
Line 13 Network,169.225.113.144
Line 14 Network,169.225.114.144
Office Network,26.206.4.144
Line 12 Network,169.225.112.145
Line 13 Network,169.225.113.145
Line 14 Network,169.225.114.145
Office Network,26.206.4.145
Line 12 Network,169.225.112.146
Line 13 Network,169.225.113.146
Line 14 Network,169.225.114.146
Office Network,26.206.4.146
Line 12 Network,169.225.112.147
Line 13 Network,169.225.113.147
Line 14 Network,169.225.114.147
Office Network,26.206.4.147
Line 12 Network,169.225.112.148
Line 13 Network,169.225.113.148
Line 14 Network,169.225.114.148
Office Network,26.206.4.148
Line 12 Network,169.225.112.149
Line 13 Network,169.225.113.149
Line 14 Network,169.225.114.149
Office Network,26.206.4.149
Line 12 Network,169.225.112.150
Line 13 Network,169.225.113.150
Line 14 Network,169.225.114.150
Office Network,26.206.4.150
Line 12 Network,169.225.112.151
Line 13 Network,169.225.113.151
Line 14 Network,169.225.114.151
Office Network,26.206.4.151
Line 12 Network,169.225.112.152
Line 13 Network,169.225.113.152
Line 14 Network,169.225.114.152
Office Network,26.206.4.152
Line 12 Network,169.225.112.153
Line 13 Network,169.225.113.153
Line 14 Network,169.225.114.153
Office Network,26.206.4.153
Line 12 Network,169.225.112.154
Line 13 Network,169.225.113.154
Line 14 Network,169.225.114.154
Office Network,26.206.4.154
Line 12 Network,169.225.112.155
Line 13 Network,169.225.113.155
Line 14 Network,169.225.114.155
Office Network,26.206.4.155
Line 12 Network,169.225.112.156
Line 13 Network,169.225.113.156
Line 14 Network,169.225.114.156
Office Network,26.206.4.156
Line 12 Network,169.225.112.157
Line 13 Network,169.225.113.157
Line 14 Network,169.225.114.157
Office Network,26.206.4.157
Line 12 Network,169.225.112.158
Line 13 Network,169.225.113.158
Line 14 Network,169.225.114.158
Office Network,26.206.4.158
Line 12 Network,169.225.112.159
Line 13 Network,169.225.113.159
Line 14 Network,169.225.114.159
Office Network,26.206.4.159
Line 12 Network,169.225.112.160
Line 13 Network,169.225.113.160
Line 14 Network,169.225.114.160
Office Network,26.206.4.160
Line 12 Network,169.225.112.161
Line 13 Network,169.225.113.161
Line 14 Network,169.225.114.161
Office Network,26.206.4.161
Line 12 Network,169.225.112.162
Line 13 Network,169.225.113.162
Line 14 Network,169.225.114.162
Office Network,26.206.4.162
Line 12 Network,169.225.112.163
Line 13 Network,169.225.113.163
Line 14 Network,169.225.114.163
Office Network,26.206.4.163
Line 12 Network,169.225.112.164
Line 13 Network,169.225.113.164
Line 14 Network,169.225.114.164
Office Network,26.206.4.164
Line 12 Network,169.225.112.165
Line 13 Network,169.225.113.165
Line 14 Network,169.225.114.165
Office Network,26.206.4.165
Line 12 Network,169.225.112.166
Line 13 Network,169.225.113.166
Line 14 Network,169.225.114.166
Office Network,26.206.4.166
Line 12 Network,169.225.112.167
Line 13 Network,169.225.113.167
Line 14 Network,169.225.114.167
Office Network,26.206.4.167
Line 12 Network,169.225.112.168
Line 13 Network,169.225.113.168
Line 14 Network,169.225.114.168
Office Network,26.206.4.168
Line 12 Network,169.225.112.169
Line 13 Network,169.225.113.169
Line 14 Network,169.225.114.169
Office Network,26.206.4.169
Line 12 Network,169.225.112.170
Line 13 Network,169.225.113.170
Line 14 Network,169.225.114.170
Office Network,26.206.4.170
Line 12 Network,169.225.112.171
Line 13 Network,169.225.113.171
Line 14 Network,169.225.114.171
Office Network,26.206.4.171
Line 12 Network,169.225.112.172
Line 13 Network,169.225.113.172
Line 14 Network,169.225.114.172
Office Network,26.206.4.172
Line 12 Network,169.225.112.173
Line 13 Network,169.225.113.173
Line 14 Network,169.225.114.173
Office Network,26.206.4.173
Line 12 Network,169.225.112.174
Line 13 Network,169.225.113.174
Line 14 Network,169.225.114.174
Office Network,26.206.4.174
Line 12 Network,169.225.112.175
Line 13 Network,169.225.113.175
Line 14 Network,169.225.114.175
Office Network,26.206.4.175
Line 12 Network,169.225.112.176
Line 13 Network,169.225.113.176
Line 14 Network,169.225.114.176
Office Network,26.206.4.176
Line 12 Network,169.225.112.177
Line 13 Network,169.225.113.177
Line 14 Network,169.225.114.177
Office Network,26.206.4.177
Line 12 Network,169.225.112.178
Line 13 Network,169.225.113.178
Line 14 Network,169.225.114.178
Office Network,26.206.4.178
Line 12 Network,169.225.112.179
Line 13 Network,169.225.113.179
Line 14 Network,169.225.114.179
Office Network,26.206.4.179
Line 12 Network,169.225.112.180
Line 13 Network,169.225.113.180
Line 14 Network,169.225.114.180
Office Network,26.206.4.180
Line 12 Network,169.225.112.181
Line 13 Network,169.225.113.181
Line 14 Network,169.225.114.181
Office Network,26.206.4.181
Line 12 Network,169.225.112.182
Line 13 Network,169.225.113.182
Line 14 Network,169.225.114.182
Office Network,26.206.4.182
Line 12 Network,169.225.112.183
Line 13 Network,169.225.113.183
Line 14 Network,169.225.114.183
Office Network,26.206.4.183
Line 12 Network,169.225.112.184
Line 13 Network,169.225.113.184
Line 14 Network,169.225.114.184
Office Network,26.206.4.184
Line 12 Network,169.225.112.185
Line 13 Network,169.225.113.185
Line 14 Network,169.225.114.185
Office Network,26.206.4.185
Line 12 Network,169.225.112.186
Line 13 Network,169.225.113.186
Line 14 Network,169.225.114.186
Office Network,26.206.4.186
Line 12 Network,169.225.112.187
Line 13 Network,169.225.113.187
Line 14 Network,169.225.114.187
Office Network,26.206.4.187
Line 12 Network,169.225.112.188
Line 13 Network,169.225.113.188
Line 14 Network,169.225.114.188
Office Network,26.206.4.188
Line 12 Network,169.225.112.189
Line 13 Network,169.225.113.189
Line 14 Network,169.225.114.189
Office Network,26.206.4.189
Line 12 Network,169.225.112.190
Line 13 Network,169.225.113.190
Line 14 Network,169.225.114.190
Office Network,26.206.4.190
Line 12 Network,169.225.112.191
Line 13 Network,169.225.113.191
Line 14 Network,169.225.114.191
Office Network,26.206.4.191
Line 12 Network,169.225.112.192
Line 13 Network,169.225.113.192
Line 14 Network,169.225.114.192
Office Network,26.206.4.192
Line 12 Network,169.225.112.193
Line 13 Network,169.225.113.193
Line 14 Network,169.225.114.193
Office Network,26.206.4.193
Line 12 Network,169.225.112.194
Line 13 Network,169.225.113.194
Line 14 Network,169.225.114.194
Office Network,26.206.4.194
Line 12 Network,169.225.112.195
Line 13 Network,169.225.113.195
Line 14 Network,169.225.114.195
Office Network,26.206.4.195
Line 12 Network,169.225.112.196
Line 13 Network,169.225.113.196
Line 14 Network,169.225.114.196
Office Network,26.206.4.196
Line 12 Network,169.225.112.197
Line 13 Network,169.225.113.197
Line 14 Network,169.225.114.197
Office Network,26.206.4.197
Line 12 Network,169.225.112.198
Line 13 Network,169.225.113.198
Line 14 Network,169.225.114.198
Office Network,26.206.4.198
Line 12 Network,169.225.112.199
Line 13 Network,169.225.113.199
Line 14 Network,169.225.114.199
Office Network,26.206.4.199
Line 12 Network,169.225.112.200
Line 13 Network,169.225.113.200
Line 14 Network,169.225.114.200
Office Network,26.206.4.200
Line 12 Network,169.225.112.201
Line 13 Network,169.225.113.201
Line 14 Network,169.225.114.201
Office Network,26.206.4.201
Line 12 Network,169.225.112.202
Line 13 Network,169.225.113.202
Line 14 Network,169.225.114.202
Office Network,26.206.4.202
Line 12 Network,169.225.112.203
Line 13 Network,169.225.113.203
Line 14 Network,169.225.114.203
Office Network,26.206.4.203
Line 12 Network,169.225.112.204
Line 13 Network,169.225.113.204
Line 14 Network,169.225.114.204
Office Network,26.206.4.204
Line 12 Network,169.225.112.205
Line 13 Network,169.225.113.205
Line 14 Network,169.225.114.205
Office Network,26.206.4.205
Line 12 Network,169.225.112.206
Line 13 Network,169.225.113.206
Line 14 Network,169.225.114.206
Office Network,26.206.4.206
Line 12 Network,169.225.112.207
Line 13 Network,169.225.113.207
Line 14 Network,169.225.114.207
Office Network,26.206.4.207
Line 12 Network,169.225.112.208
Line 13 Network,169.225.113.208
Line 14 Network,169.225.114.208
Office Network,26.206.4.208
Line 12 Network,169.225.112.209
Line 13 Network,169.225.113.209
Line 14 Network,169.225.114.209
Office Network,26.206.4.209
Line 12 Network,169.225.112.210
Line 13 Network,169.225.113.210
Line 14 Network,169.225.114.210
Office Network,26.206.4.210
Line 12 Network,169.225.112.211
Line 13 Network,169.225.113.211
Line 14 Network,169.225.114.211
Office Network,26.206.4.211
Line 12 Network,169.225.112.212
Line 13 Network,169.225.113.212
Line 14 Network,169.225.114.212
Office Network,26.206.4.212
Line 12 Network,169.225.112.213
Line 13 Network,169.225.113.213
Line 14 Network,169.225.114.213
Office Network,26.206.4.213
Line 12 Network,169.225.112.214
Line 13 Network,169.225.113.214
Line 14 Network,169.225.114.214
Office Network,26.206.4.214
Line 12 Network,169.225.112.215
Line 13 Network,169.225.113.215
Line 14 Network,169.225.114.215
Office Network,26.206.4.215
Line 12 Network,169.225.112.216
Line 13 Network,169.225.113.216
Line 14 Network,169.225.114.216
Office Network,26.206.4.216
Line 12 Network,169.225.112.217
Line 13 Network,169.225.113.217
Line 14 Network,169.225.114.217
Office Network,26.206.4.217
Line 12 Network,169.225.112.218
Line 13 Network,169.225.113.218
Line 14 Network,169.225.114.218
Office Network,26.206.4.218
Line 12 Network,169.225.112.219
Line 13 Network,169.225.113.219
Line 14 Network,169.225.114.219
Office Network,26.206.4.219
Line 12 Network,169.225.112.220
Line 13 Network,169.225.113.220
Line 14 Network,169.225.114.220
Office Network,26.206.4.220
Line 12 Network,169.225.112.221
Line 13 Network,169.225.113.221
Line 14 Network,169.225.114.221
Office Network,26.206.4.221
Line 12 Network,169.225.112.222
Line 13 Network,169.225.113.222
Line 14 Network,169.225.114.222
Office Network,26.206.4.222
Line 12 Network,169.225.112.223
Line 13 Network,169.225.113.223
Line 14 Network,169.225.114.223
Office Network,26.206.4.223
Line 12 Network,169.225.112.224
Line 13 Network,169.225.113.224
Line 14 Network,169.225.114.224
Office Network,26.206.4.224
Line 12 Network,169.225.112.225
Line 13 Network,169.225.113.225
Line 14 Network,169.225.114.225
Office Network,26.206.4.225
Line 12 Network,169.225.112.226
Line 13 Network,169.225.113.226
Line 14 Network,169.225.114.226
Office Network,26.206.4.226
Line 12 Network,169.225.112.227
Line 13 Network,169.225.113.227
Line 14 Network,169.225.114.227
Office Network,26.206.4.227
Line 12 Network,169.225.112.228
Line 13 Network,169.225.113.228
Line 14 Network,169.225.114.228
Office Network,26.206.4.228
Line 12 Network,169.225.112.229
Line 13 Network,169.225.113.229
Line 14 Network,169.225.114.229
Office Network,26.206.4.229
Line 12 Network,169.225.112.230
Line 13 Network,169.225.113.230
Line 14 Network,169.225.114.230
Office Network,26.206.4.230
Line 12 Network,169.225.112.231
Line 13 Network,169.225.113.231
Line 14 Network,169.225.114.231
Office Network,26.206.4.231
Line 12 Network,169.225.112.232
Line 13 Network,169.225.113.232
Line 14 Network,169.225.114.232
Office Network,26.206.4.232
Line 12 Network,169.225.112.233
Line 13 Network,169.225.113.233
Line 14 Network,169.225.114.233
Office Network,26.206.4.233
Line 12 Network,169.225.112.234
Line 13 Network,169.225.113.234
Line 14 Network,169.225.114.234
Office Network,26.206.4.234
Line 12 Network,169.225.112.235
Line 13 Network,169.225.113.235
Line 14 Network,169.225.114.235
Office Network,26.206.4.235
Line 12 Network,169.225.112.236
Line 13 Network,169.225.113.236
Line 14 Network,169.225.114.236
Office Network,26.206.4.236
Line 12 Network,169.225.112.237
Line 13 Network,169.225.113.237
Line 14 Network,169.225.114.237
Office Network,26.206.4.237
Line 12 Network,169.225.112.238
Line 13 Network,169.225.113.238
Line 14 Network,169.225.114.238
Office Network,26.206.4.238
Line 12 Network,169.225.112.239
Line 13 Network,169.225.113.239
Line 14 Network,169.225.114.239
Office Network,26.206.4.239
Line 12 Network,169.225.112.240
Line 13 Network,169.225.113.240
Line 14 Network,169.225.114.240
Office Network,26.206.4.240
Line 12 Network,169.225.112.241
Line 13 Network,169.225.113.241
Line 14 Network,169.225.114.241
Office Network,26.206.4.241
Line 12 Network,169.225.112.242
Line 13 Network,169.225.113.242
Line 14 Network,169.225.114.242
Office Network,26.206.4.242
Line 12 Network,169.225.112.243
Line 13 Network,169.225.113.243
Line 14 Network,169.225.114.243
Office Network,26.206.4.243
Line 12 Network,169.225.112.244
Line 13 Network,169.225.113.244
Line 14 Network,169.225.114.244
Office Network,26.206.4.244
Line 12 Network,169.225.112.245
Line 13 Network,169.225.113.245
Line 14 Network,169.225.114.245
Office Network,26.206.4.245
Line 12 Network,169.225.112.246
Line 13 Network,169.225.113.246
Line 14 Network,169.225.114.246
Office Network,26.206.4.246
Line 12 Network,169.225.112.247
Line 13 Network,169.225.113.247
Line 14 Network,169.225.114.247
Office Network,26.206.4.247
Line 12 Network,169.225.112.248
Line 13 Network,169.225.113.248
Line 14 Network,169.225.114.248
Office Network,26.206.4.248
Line 12 Network,169.225.112.249
Line 13 Network,169.225.113.249
Line 14 Network,169.225.114.249
Office Network,26.206.4.249
Line 12 Network,169.225.112.250
Line 13 Network,169.225.113.250
Line 14 Network,169.225.114.250
Office Network,26.206.4.250
Line 12 Network,169.225.112.251
Line 13 Network,169.225.113.251
Line 14 Network,169.225.114.251
Office Network,26.206.4.251
Line 12 Network,169.225.112.252
Line 13 Network,169.225.113.252
Line 14 Network,169.225.114.252
Office Network,26.206.4.252
Line 12 Network,169.225.112.253
Line 13 Network,169.225.113.253
Line 14 Network,169.225.114.253
Office Network,26.206.4.253
Line 12 Network,169.225.112.254
Line 13 Network,169.225.113.254
Line 14 Network,169.225.114.254
Office Network,26.206.4.254
Line 12 Network,169.225.112.255
Line 13 Network,169.225.113.255
Line 14 Network,169.225.114.255
Office Network,26.206.4.255
Line 12 Network,169.225.112.1
Line 13 Network,169.225.113.1
Line 14 Network,169.225.114.1
Office Network,26.206.4.1
Line 12 Network,169.225.112.2
Line 13 Network,169.225.113.2
Line 14 Network,169.225.114.2
Office Network,26.206.4.2
Line 12 Network,169.225.112.3
Line 13 Network,169.225.113.3
Line 14 Network,169.225.114.3
Office Network,26.206.4.3
Line 12 Network,169.225.112.4
Line 13 Network,169.225.113.4
Line 14 Network,169.225.114.4
Office Network,26.206.4.4
Line 12 Network,169.225.112.5
Line 13 Network,169.225.113.5
Line 14 Network,169.225.114.5
Office Network,26.206.4.5

